{"cameraMode":{"drawMode":0,"name":"Shaded","section":"Shading Mode"},"sceneLighting":false,"audioPlay":false,"sceneViewState":{"m_AlwaysRefresh":false,"showFog":true,"showSkybox":false,"showFlares":true,"showImageEffects":true,"showParticleSystems":true,"showVisualEffectGraphs":true,"m_FxEnabled":true},"in2DMode":false,"pivot":{"x":0.5050903558731079,"y":0.49551528692245486,"z":0.563004732131958},"rotation":{"x":-0.060193032026290897,"y":-0.3568632900714874,"z":-0.023049483075737954,"w":0.931930661201477},"size":1.9456219673156739,"orthographic":false}