{"cameraMode":{"drawMode":0,"name":"Shaded","section":"Shading Mode"},"sceneLighting":false,"audioPlay":false,"sceneViewState":{"m_AlwaysRefresh":false,"showFog":true,"showSkybox":false,"showFlares":true,"showImageEffects":true,"showParticleSystems":true,"showVisualEffectGraphs":true,"m_FxEnabled":true},"in2DMode":false,"pivot":{"x":0.20875263214111329,"y":0.08530944585800171,"z":0.0038243532180786134},"rotation":{"x":-0.13393071293830872,"y":0.7625651359558106,"z":-0.1673245131969452,"w":-0.6103762984275818},"size":1.3234226703643799,"orthographic":false}