{"cameraMode":{"drawMode":0,"name":"Shaded","section":"Shading Mode"},"sceneLighting":false,"audioPlay":false,"sceneViewState":{"m_AlwaysRefresh":false,"showFog":true,"showSkybox":false,"showFlares":true,"showImageEffects":true,"showParticleSystems":true,"showVisualEffectGraphs":true,"m_FxEnabled":true},"in2DMode":false,"pivot":{"x":-0.15999996662139893,"y":0.024041712284088136,"z":10.349977493286133},"rotation":{"x":0.09879553318023682,"y":0.872897744178772,"z":-0.1984073966741562,"w":0.4346528947353363},"size":1.9456219673156739,"orthographic":false}